    ;round ;last_winning_bid ;last_winning_bidders   ;auction_round ;last_winning_miner ;last_mining_payoff ;base_reward ;SpongeBob ;PassiveLauncher ;AlwaysLauncher ;AggressiveLauncher ;Manu ;Observer ;Evie
0   ;1     ;0                ;[]                     ;1             ;                   ;                   ;14          ;995       ;995             ;995            ;995                ;995  ;995      ;995
1   ;2     ;14               ;['SpongeBob']          ;1             ;AlwaysLauncher     ;25                 ;6           ;976       ;985             ;1010           ;985                ;985  ;990      ;985
2   ;3     ;28               ;['AggressiveLauncher'] ;1             ;AggressiveLauncher ;17                 ;23          ;966       ;975             ;1000           ;964                ;975  ;985      ;975
3   ;4     ;56               ;['AggressiveLauncher'] ;1             ;Mission failure    ;35                 ;7           ;961       ;965             ;990            ;898                ;965  ;980      ;965
4   ;5     ;112              ;['AggressiveLauncher'] ;1             ;AggressiveLauncher ;58                 ;7           ;951       ;955             ;980            ;834                ;955  ;975      ;955
5   ;6     ;224              ;['AggressiveLauncher'] ;1             ;Mission failure    ;38                 ;24          ;946       ;945             ;970            ;600                ;945  ;970      ;945
6   ;7     ;448              ;['AggressiveLauncher'] ;1             ;Evie               ;30                 ;6           ;941       ;935             ;960            ;142                ;935  ;965      ;965
7   ;8     ;447              ;['PassiveLauncher']    ;1             ;SpongeBob          ;21                 ;43          ;952       ;478             ;950            ;132                ;925  ;960      ;955
8   ;9     ;446              ;['PassiveLauncher']    ;1             ;Manu               ;66                 ;10          ;947       ;22              ;940            ;122                ;981  ;955      ;945
9   ;10    ;122              ;['AggressiveLauncher'] ;1             ;AlwaysLauncher     ;21                 ;9           ;942       ;12              ;951            ;-10                ;971  ;950      ;935
10  ;11    ;12               ;['PassiveLauncher']    ;1             ;Manu               ;20                 ;23          ;932       ;-10             ;941            ;-10                ;981  ;945      ;925
11  ;12    ;23               ;['SpongeBob']          ;1             ;AlwaysLauncher     ;33                 ;22          ;904       ;-10             ;964            ;-10                ;971  ;940      ;915
12  ;13    ;22               ;['SpongeBob']          ;1             ;SpongeBob          ;31                 ;20          ;903       ;-10             ;954            ;-10                ;961  ;935      ;905
13  ;14    ;20               ;['SpongeBob']          ;1             ;AlwaysLauncher     ;54                 ;11          ;878       ;-10             ;998            ;-10                ;951  ;930      ;895
14  ;15    ;11               ;['SpongeBob']          ;1             ;AlwaysLauncher     ;42                 ;4           ;857       ;-10             ;1030           ;-10                ;941  ;925      ;890
15  ;16    ;4                ;['SpongeBob', 'Manu']  ;1             ;Evie               ;13                 ;2           ;848       ;-10             ;1020           ;-10                ;927  ;920      ;893
16  ;17    ;4                ;['Manu']               ;1             ;Manu               ;25                 ;1           ;838       ;-10             ;1010           ;-10                ;938  ;915      ;883
17  ;18    ;4                ;['Manu']               ;1             ;Manu               ;169                ;3           ;833       ;-10             ;1000           ;-10                ;1093 ;910      ;878
18  ;19    ;4                ;['Manu']               ;1             ;Manu               ;8                  ;23          ;828       ;-10             ;990            ;-10                ;1087 ;905      ;868
19  ;20    ;23               ;['SpongeBob']          ;1             ;SpongeBob          ;45                 ;1           ;840       ;-10             ;980            ;-10                ;1077 ;900      ;858
20  ;21    ;4                ;['Manu']               ;1             ;Manu               ;17                 ;6           ;835       ;-10             ;970            ;-10                ;1080 ;895      ;848
21  ;22    ;6                ;['SpongeBob']          ;1             ;AlwaysLauncher     ;10                 ;2           ;824       ;-10             ;970            ;-10                ;1070 ;890      ;843
22  ;23    ;4                ;['Manu']               ;1             ;Manu               ;14                 ;10          ;814       ;-10             ;960            ;-10                ;1070 ;885      ;833
23  ;24    ;10               ;['SpongeBob']          ;1             ;Evie               ;37                 ;46          ;799       ;-10             ;950            ;-10                ;1060 ;880      ;860
24  ;25    ;46               ;['SpongeBob']          ;1             ;Manu               ;57                 ;4           ;743       ;-10             ;940            ;-10                ;1107 ;875      ;850
25  ;26    ;4                ;['SpongeBob', 'Manu']  ;1             ;SpongeBob          ;28                 ;13          ;757       ;-10             ;930            ;-10                ;1093 ;870      ;840
26  ;27    ;13               ;['SpongeBob']          ;1             ;Manu               ;65                 ;5           ;739       ;-10             ;920            ;-10                ;1148 ;865      ;830
27  ;28    ;5                ;['SpongeBob']          ;1             ;AlwaysLauncher     ;22                 ;6           ;729       ;-10             ;932            ;-10                ;1138 ;860      ;820
28  ;29    ;6                ;['SpongeBob']          ;1             ;SpongeBob          ;17                 ;9           ;730       ;-10             ;922            ;-10                ;1128 ;855      ;810
29  ;30    ;9                ;['SpongeBob']          ;1             ;Manu               ;27                 ;6           ;716       ;-10             ;912            ;-10                ;1145 ;850      ;800
30  ;31    ;6                ;['SpongeBob']          ;1             ;Evie               ;22                 ;3           ;705       ;-10             ;902            ;-10                ;1135 ;845      ;812
31  ;32    ;4                ;['Manu']               ;1             ;Evie               ;17                 ;8           ;695       ;-10             ;892            ;-10                ;1121 ;840      ;819
32  ;33    ;8                ;['SpongeBob']          ;1             ;AlwaysLauncher     ;12                 ;5           ;682       ;-10             ;894            ;-10                ;1111 ;835      ;809
33  ;34    ;5                ;['SpongeBob']          ;1             ;Manu               ;28                 ;12          ;672       ;-10             ;884            ;-10                ;1129 ;830      ;799
34  ;35    ;12               ;['SpongeBob']          ;1             ;Manu               ;44                 ;59          ;650       ;-10             ;874            ;-10                ;1163 ;825      ;789
35  ;36    ;59               ;['SpongeBob']          ;1             ;Mission failure    ;72                 ;9           ;581       ;-10             ;864            ;-10                ;1153 ;820      ;779
36  ;37    ;9                ;['SpongeBob']          ;1             ;AlwaysLauncher     ;20                 ;1           ;567       ;-10             ;874            ;-10                ;1143 ;815      ;769
37  ;38    ;4                ;['Manu']               ;1             ;AlwaysLauncher     ;15                 ;14          ;562       ;-10             ;879            ;-10                ;1129 ;810      ;764
38  ;39    ;14               ;['SpongeBob']          ;1             ;AlwaysLauncher     ;27                 ;4           ;543       ;-10             ;896            ;-10                ;1119 ;805      ;759
39  ;40    ;4                ;['SpongeBob', 'Manu']  ;1             ;SpongeBob          ;37                 ;4           ;566       ;-10             ;886            ;-10                ;1105 ;800      ;749
40  ;41    ;4                ;['SpongeBob', 'Manu']  ;1             ;AlwaysLauncher     ;12                 ;1           ;557       ;-10             ;888            ;-10                ;1091 ;795      ;739
41  ;42    ;4                ;['Manu']               ;1             ;SpongeBob          ;12                 ;10          ;559       ;-10             ;878            ;-10                ;1077 ;790      ;729
42  ;43    ;10               ;['SpongeBob']          ;1             ;AlwaysLauncher     ;14                 ;4           ;544       ;-10             ;882            ;-10                ;1067 ;785      ;719
43  ;44    ;4                ;['SpongeBob', 'Manu']  ;1             ;Manu               ;13                 ;10          ;535       ;-10             ;872            ;-10                ;1066 ;780      ;709
44  ;45    ;10               ;['SpongeBob']          ;1             ;Manu               ;56                 ;2           ;515       ;-10             ;862            ;-10                ;1112 ;775      ;699
45  ;46    ;4                ;['Manu']               ;1             ;AlwaysLauncher     ;19                 ;2           ;510       ;-10             ;871            ;-10                ;1098 ;770      ;689
46  ;47    ;4                ;['Manu']               ;1             ;SpongeBob          ;19                 ;10          ;519       ;-10             ;861            ;-10                ;1084 ;765      ;679
47  ;48    ;10               ;['SpongeBob']          ;1             ;SpongeBob          ;25                 ;13          ;524       ;-10             ;851            ;-10                ;1074 ;760      ;669
48  ;49    ;13               ;['SpongeBob']          ;1             ;Mission failure    ;21                 ;43          ;506       ;-10             ;841            ;-10                ;1064 ;755      ;664
49  ;50    ;43               ;['SpongeBob']          ;1             ;Evie               ;55                 ;52          ;453       ;-10             ;831            ;-10                ;1054 ;750      ;709
50  ;51    ;52               ;['SpongeBob']          ;1             ;Evie               ;62                 ;21          ;396       ;-10             ;821            ;-10                ;1044 ;745      ;761
51  ;52    ;21               ;['SpongeBob']          ;1             ;Manu               ;32                 ;1           ;365       ;-10             ;811            ;-10                ;1066 ;740      ;751
52  ;53    ;4                ;['Manu']               ;1             ;Evie               ;10                 ;0           ;360       ;-10             ;801            ;-10                ;1052 ;735      ;751
53  ;54    ;4                ;['Manu']               ;1             ;AlwaysLauncher     ;23                 ;11          ;350       ;-10             ;814            ;-10                ;1038 ;730      ;741
54  ;55    ;11               ;['SpongeBob']          ;1             ;Evie               ;18                 ;11          ;334       ;-10             ;804            ;-10                ;1028 ;725      ;749
55  ;56    ;11               ;['SpongeBob']          ;1             ;SpongeBob          ;29                 ;3           ;342       ;-10             ;794            ;-10                ;1018 ;720      ;739
56  ;56    ;4                ;['Manu']               ;2             ;SpongeBob          ;29                 ;3           ;342       ;-10             ;794            ;-10                ;1014 ;720      ;739
57  ;56    ;4                ;['Manu']               ;3             ;SpongeBob          ;29                 ;3           ;342       ;-10             ;794            ;-10                ;1010 ;720      ;739
58  ;56    ;4                ;['Manu']               ;4             ;SpongeBob          ;29                 ;3           ;342       ;-10             ;794            ;-10                ;1006 ;720      ;739
59  ;56    ;4                ;['Manu']               ;5             ;SpongeBob          ;29                 ;3           ;342       ;-10             ;794            ;-10                ;1002 ;720      ;739
60  ;56    ;4                ;['Manu']               ;6             ;SpongeBob          ;29                 ;3           ;342       ;-10             ;794            ;-10                ;998  ;720      ;739
61  ;56    ;4                ;['Manu']               ;7             ;SpongeBob          ;29                 ;3           ;342       ;-10             ;794            ;-10                ;994  ;720      ;739
62  ;56    ;4                ;['Manu']               ;8             ;SpongeBob          ;29                 ;3           ;342       ;-10             ;794            ;-10                ;990  ;720      ;739
63  ;56    ;4                ;['Manu']               ;9             ;SpongeBob          ;29                 ;3           ;342       ;-10             ;794            ;-10                ;986  ;720      ;739
64  ;56    ;4                ;['Manu']               ;10            ;SpongeBob          ;29                 ;3           ;342       ;-10             ;794            ;-10                ;982  ;720      ;739
65  ;56    ;4                ;['Manu']               ;11            ;SpongeBob          ;29                 ;3           ;342       ;-10             ;794            ;-10                ;978  ;720      ;739
66  ;56    ;4                ;['Manu']               ;12            ;SpongeBob          ;29                 ;3           ;342       ;-10             ;794            ;-10                ;974  ;720      ;739
67  ;56    ;4                ;['Manu']               ;13            ;SpongeBob          ;29                 ;3           ;342       ;-10             ;794            ;-10                ;970  ;720      ;739
68  ;56    ;4                ;['Manu']               ;14            ;SpongeBob          ;29                 ;3           ;342       ;-10             ;794            ;-10                ;966  ;720      ;739
69  ;56    ;4                ;['Manu']               ;15            ;SpongeBob          ;29                 ;3           ;342       ;-10             ;794            ;-10                ;962  ;720      ;739
70  ;56    ;4                ;['Manu']               ;16            ;SpongeBob          ;29                 ;3           ;342       ;-10             ;794            ;-10                ;958  ;720      ;739
71  ;56    ;4                ;['Manu']               ;17            ;SpongeBob          ;29                 ;3           ;342       ;-10             ;794            ;-10                ;954  ;720      ;739
72  ;56    ;4                ;['Manu']               ;18            ;SpongeBob          ;29                 ;3           ;342       ;-10             ;794            ;-10                ;950  ;720      ;739
73  ;56    ;4                ;['Manu']               ;19            ;SpongeBob          ;29                 ;3           ;342       ;-10             ;794            ;-10                ;946  ;720      ;739
74  ;56    ;4                ;['Manu']               ;20            ;SpongeBob          ;29                 ;3           ;342       ;-10             ;794            ;-10                ;942  ;720      ;739
75  ;56    ;4                ;['Manu']               ;21            ;SpongeBob          ;29                 ;3           ;342       ;-10             ;794            ;-10                ;938  ;720      ;739
76  ;56    ;4                ;['Manu']               ;22            ;SpongeBob          ;29                 ;3           ;342       ;-10             ;794            ;-10                ;934  ;720      ;739
77  ;56    ;4                ;['Manu']               ;23            ;SpongeBob          ;29                 ;3           ;342       ;-10             ;794            ;-10                ;930  ;720      ;739
78  ;56    ;4                ;['Manu']               ;24            ;SpongeBob          ;29                 ;3           ;342       ;-10             ;794            ;-10                ;926  ;720      ;739
79  ;56    ;4                ;['Manu']               ;25            ;SpongeBob          ;29                 ;3           ;342       ;-10             ;794            ;-10                ;922  ;720      ;739
80  ;56    ;4                ;['Manu']               ;26            ;SpongeBob          ;29                 ;3           ;342       ;-10             ;794            ;-10                ;918  ;720      ;739
81  ;56    ;4                ;['Manu']               ;27            ;SpongeBob          ;29                 ;3           ;342       ;-10             ;794            ;-10                ;914  ;720      ;739
82  ;56    ;4                ;['Manu']               ;28            ;SpongeBob          ;29                 ;3           ;342       ;-10             ;794            ;-10                ;910  ;720      ;739
83  ;56    ;4                ;['Manu']               ;29            ;SpongeBob          ;29                 ;3           ;342       ;-10             ;794            ;-10                ;906  ;720      ;739
84  ;56    ;4                ;['Manu']               ;30            ;SpongeBob          ;29                 ;3           ;342       ;-10             ;794            ;-10                ;902  ;720      ;739
85  ;56    ;4                ;['Manu']               ;31            ;SpongeBob          ;29                 ;3           ;342       ;-10             ;794            ;-10                ;898  ;720      ;739
86  ;56    ;4                ;['Manu']               ;32            ;SpongeBob          ;29                 ;3           ;342       ;-10             ;794            ;-10                ;894  ;720      ;739
87  ;56    ;4                ;['Manu']               ;33            ;SpongeBob          ;29                 ;3           ;342       ;-10             ;794            ;-10                ;890  ;720      ;739
88  ;56    ;4                ;['Manu']               ;34            ;SpongeBob          ;29                 ;3           ;342       ;-10             ;794            ;-10                ;886  ;720      ;739
89  ;56    ;4                ;['Manu']               ;35            ;SpongeBob          ;29                 ;3           ;342       ;-10             ;794            ;-10                ;882  ;720      ;739
90  ;56    ;4                ;['Manu']               ;36            ;SpongeBob          ;29                 ;3           ;342       ;-10             ;794            ;-10                ;878  ;720      ;739
91  ;56    ;4                ;['Manu']               ;37            ;SpongeBob          ;29                 ;3           ;342       ;-10             ;794            ;-10                ;874  ;720      ;739
92  ;56    ;4                ;['Manu']               ;38            ;SpongeBob          ;29                 ;3           ;342       ;-10             ;794            ;-10                ;870  ;720      ;739
93  ;56    ;4                ;['Manu']               ;39            ;SpongeBob          ;29                 ;3           ;342       ;-10             ;794            ;-10                ;866  ;720      ;739
94  ;56    ;4                ;['Manu']               ;40            ;SpongeBob          ;29                 ;3           ;342       ;-10             ;794            ;-10                ;862  ;720      ;739
95  ;56    ;4                ;['Manu']               ;41            ;SpongeBob          ;29                 ;3           ;342       ;-10             ;794            ;-10                ;858  ;720      ;739
96  ;56    ;4                ;['Manu']               ;42            ;SpongeBob          ;29                 ;3           ;342       ;-10             ;794            ;-10                ;854  ;720      ;739
97  ;56    ;4                ;['Manu']               ;43            ;SpongeBob          ;29                 ;3           ;342       ;-10             ;794            ;-10                ;850  ;720      ;739
98  ;56    ;4                ;['Manu']               ;44            ;SpongeBob          ;29                 ;3           ;342       ;-10             ;794            ;-10                ;846  ;720      ;739
99  ;56    ;4                ;['Manu']               ;45            ;SpongeBob          ;29                 ;3           ;342       ;-10             ;794            ;-10                ;842  ;720      ;739
100 ;56    ;4                ;['Manu']               ;46            ;SpongeBob          ;29                 ;3           ;342       ;-10             ;794            ;-10                ;838  ;720      ;739
101 ;56    ;4                ;['Manu']               ;47            ;SpongeBob          ;29                 ;3           ;342       ;-10             ;794            ;-10                ;834  ;720      ;739
102 ;56    ;4                ;['Manu']               ;48            ;SpongeBob          ;29                 ;3           ;342       ;-10             ;794            ;-10                ;830  ;720      ;739
103 ;56    ;4                ;['Manu']               ;49            ;SpongeBob          ;29                 ;3           ;342       ;-10             ;794            ;-10                ;826  ;720      ;739
104 ;56    ;4                ;['Manu']               ;50            ;SpongeBob          ;29                 ;3           ;342       ;-10             ;794            ;-10                ;822  ;720      ;739
105 ;56    ;4                ;['Manu']               ;51            ;SpongeBob          ;29                 ;3           ;342       ;-10             ;794            ;-10                ;818  ;720      ;739
106 ;56    ;4                ;['Manu']               ;52            ;SpongeBob          ;29                 ;3           ;342       ;-10             ;794            ;-10                ;814  ;720      ;739
107 ;56    ;4                ;['Manu']               ;53            ;SpongeBob          ;29                 ;3           ;342       ;-10             ;794            ;-10                ;810  ;720      ;739
108 ;56    ;4                ;['Manu']               ;54            ;SpongeBob          ;29                 ;3           ;342       ;-10             ;794            ;-10                ;806  ;720      ;739
109 ;56    ;4                ;['Manu']               ;55            ;SpongeBob          ;29                 ;3           ;342       ;-10             ;794            ;-10                ;802  ;720      ;739
110 ;56    ;4                ;['Manu']               ;56            ;SpongeBob          ;29                 ;3           ;342       ;-10             ;794            ;-10                ;798  ;720      ;739
111 ;56    ;4                ;['Manu']               ;57            ;SpongeBob          ;29                 ;3           ;342       ;-10             ;794            ;-10                ;794  ;720      ;739
112 ;56    ;4                ;['Manu']               ;58            ;SpongeBob          ;29                 ;3           ;342       ;-10             ;794            ;-10                ;790  ;720      ;739
113 ;56    ;4                ;['Manu']               ;59            ;SpongeBob          ;29                 ;3           ;342       ;-10             ;794            ;-10                ;786  ;720      ;739
114 ;56    ;4                ;['Manu']               ;60            ;SpongeBob          ;29                 ;3           ;342       ;-10             ;794            ;-10                ;782  ;720      ;739
115 ;56    ;4                ;['Manu']               ;61            ;SpongeBob          ;29                 ;3           ;342       ;-10             ;794            ;-10                ;778  ;720      ;739
116 ;56    ;4                ;['Manu']               ;62            ;SpongeBob          ;29                 ;3           ;342       ;-10             ;794            ;-10                ;774  ;720      ;739
117 ;56    ;4                ;['Manu']               ;63            ;SpongeBob          ;29                 ;3           ;342       ;-10             ;794            ;-10                ;770  ;720      ;739
118 ;56    ;4                ;['Manu']               ;64            ;SpongeBob          ;29                 ;3           ;342       ;-10             ;794            ;-10                ;766  ;720      ;739
119 ;56    ;4                ;['Manu']               ;65            ;SpongeBob          ;29                 ;3           ;342       ;-10             ;794            ;-10                ;762  ;720      ;739
120 ;56    ;4                ;['Manu']               ;66            ;SpongeBob          ;29                 ;3           ;342       ;-10             ;794            ;-10                ;758  ;720      ;739
121 ;56    ;4                ;['Manu']               ;67            ;SpongeBob          ;29                 ;3           ;342       ;-10             ;794            ;-10                ;754  ;720      ;739
122 ;56    ;4                ;['Manu']               ;68            ;SpongeBob          ;29                 ;3           ;342       ;-10             ;794            ;-10                ;750  ;720      ;739
123 ;56    ;4                ;['Manu']               ;69            ;SpongeBob          ;29                 ;3           ;342       ;-10             ;794            ;-10                ;746  ;720      ;739
124 ;56    ;4                ;['Manu']               ;70            ;SpongeBob          ;29                 ;3           ;342       ;-10             ;794            ;-10                ;742  ;720      ;739
125 ;56    ;4                ;['Manu']               ;71            ;SpongeBob          ;29                 ;3           ;342       ;-10             ;794            ;-10                ;738  ;720      ;739
126 ;56    ;4                ;['Manu']               ;72            ;SpongeBob          ;29                 ;3           ;342       ;-10             ;794            ;-10                ;734  ;720      ;739
127 ;56    ;4                ;['Manu']               ;73            ;SpongeBob          ;29                 ;3           ;342       ;-10             ;794            ;-10                ;730  ;720      ;739
128 ;56    ;4                ;['Manu']               ;74            ;SpongeBob          ;29                 ;3           ;342       ;-10             ;794            ;-10                ;726  ;720      ;739
129 ;56    ;4                ;['Manu']               ;75            ;SpongeBob          ;29                 ;3           ;342       ;-10             ;794            ;-10                ;722  ;720      ;739
130 ;56    ;4                ;['Manu']               ;76            ;SpongeBob          ;29                 ;3           ;342       ;-10             ;794            ;-10                ;718  ;720      ;739
131 ;56    ;4                ;['Manu']               ;77            ;SpongeBob          ;29                 ;3           ;342       ;-10             ;794            ;-10                ;714  ;720      ;739
132 ;56    ;4                ;['Manu']               ;78            ;SpongeBob          ;29                 ;3           ;342       ;-10             ;794            ;-10                ;710  ;720      ;739
133 ;56    ;4                ;['Manu']               ;79            ;SpongeBob          ;29                 ;3           ;342       ;-10             ;794            ;-10                ;706  ;720      ;739
134 ;56    ;4                ;['Manu']               ;80            ;SpongeBob          ;29                 ;3           ;342       ;-10             ;794            ;-10                ;702  ;720      ;739
135 ;56    ;4                ;['Manu']               ;81            ;SpongeBob          ;29                 ;3           ;342       ;-10             ;794            ;-10                ;698  ;720      ;739
136 ;56    ;4                ;['Manu']               ;82            ;SpongeBob          ;29                 ;3           ;342       ;-10             ;794            ;-10                ;694  ;720      ;739
137 ;56    ;4                ;['Manu']               ;83            ;SpongeBob          ;29                 ;3           ;342       ;-10             ;794            ;-10                ;690  ;720      ;739
138 ;56    ;4                ;['Manu']               ;84            ;SpongeBob          ;29                 ;3           ;342       ;-10             ;794            ;-10                ;686  ;720      ;739
139 ;56    ;4                ;['Manu']               ;85            ;SpongeBob          ;29                 ;3           ;342       ;-10             ;794            ;-10                ;682  ;720      ;739
140 ;56    ;4                ;['Manu']               ;86            ;SpongeBob          ;29                 ;3           ;342       ;-10             ;794            ;-10                ;678  ;720      ;739
141 ;56    ;4                ;['Manu']               ;87            ;SpongeBob          ;29                 ;3           ;342       ;-10             ;794            ;-10                ;674  ;720      ;739
142 ;56    ;4                ;['Manu']               ;88            ;SpongeBob          ;29                 ;3           ;342       ;-10             ;794            ;-10                ;670  ;720      ;739
143 ;56    ;4                ;['Manu']               ;89            ;SpongeBob          ;29                 ;3           ;342       ;-10             ;794            ;-10                ;666  ;720      ;739
144 ;56    ;4                ;['Manu']               ;90            ;SpongeBob          ;29                 ;3           ;342       ;-10             ;794            ;-10                ;662  ;720      ;739
145 ;56    ;4                ;['Manu']               ;91            ;SpongeBob          ;29                 ;3           ;342       ;-10             ;794            ;-10                ;658  ;720      ;739
146 ;56    ;4                ;['Manu']               ;92            ;SpongeBob          ;29                 ;3           ;342       ;-10             ;794            ;-10                ;654  ;720      ;739
147 ;56    ;4                ;['Manu']               ;93            ;SpongeBob          ;29                 ;3           ;342       ;-10             ;794            ;-10                ;650  ;720      ;739
148 ;56    ;4                ;['Manu']               ;94            ;SpongeBob          ;29                 ;3           ;342       ;-10             ;794            ;-10                ;646  ;720      ;739
149 ;56    ;4                ;['Manu']               ;95            ;SpongeBob          ;29                 ;3           ;342       ;-10             ;794            ;-10                ;642  ;720      ;739
150 ;56    ;4                ;['Manu']               ;96            ;SpongeBob          ;29                 ;3           ;342       ;-10             ;794            ;-10                ;638  ;720      ;739
151 ;56    ;4                ;['Manu']               ;97            ;SpongeBob          ;29                 ;3           ;342       ;-10             ;794            ;-10                ;634  ;720      ;739
152 ;56    ;4                ;['Manu']               ;98            ;SpongeBob          ;29                 ;3           ;342       ;-10             ;794            ;-10                ;630  ;720      ;739
153 ;56    ;4                ;['Manu']               ;99            ;SpongeBob          ;29                 ;3           ;342       ;-10             ;794            ;-10                ;626  ;720      ;739
154 ;56    ;4                ;['Manu']               ;100           ;SpongeBob          ;29                 ;3           ;342       ;-10             ;794            ;-10                ;622  ;720      ;739
155 ;56    ;4                ;['Manu']               ;101           ;SpongeBob          ;29                 ;3           ;342       ;-10             ;794            ;-10                ;618  ;720      ;739
156 ;56    ;4                ;['Manu']               ;102           ;SpongeBob          ;29                 ;3           ;342       ;-10             ;794            ;-10                ;614  ;720      ;739
157 ;56    ;4                ;['Manu']               ;103           ;SpongeBob          ;29                 ;3           ;342       ;-10             ;794            ;-10                ;610  ;720      ;739
158 ;56    ;4                ;['Manu']               ;104           ;SpongeBob          ;29                 ;3           ;342       ;-10             ;794            ;-10                ;606  ;720      ;739
159 ;56    ;4                ;['Manu']               ;105           ;SpongeBob          ;29                 ;3           ;342       ;-10             ;794            ;-10                ;602  ;720      ;739
160 ;56    ;4                ;['Manu']               ;106           ;SpongeBob          ;29                 ;3           ;342       ;-10             ;794            ;-10                ;598  ;720      ;739
161 ;56    ;4                ;['Manu']               ;107           ;SpongeBob          ;29                 ;3           ;342       ;-10             ;794            ;-10                ;594  ;720      ;739
162 ;56    ;4                ;['Manu']               ;108           ;SpongeBob          ;29                 ;3           ;342       ;-10             ;794            ;-10                ;590  ;720      ;739
163 ;56    ;4                ;['Manu']               ;109           ;SpongeBob          ;29                 ;3           ;342       ;-10             ;794            ;-10                ;586  ;720      ;739
164 ;56    ;4                ;['Manu']               ;110           ;SpongeBob          ;29                 ;3           ;342       ;-10             ;794            ;-10                ;582  ;720      ;739
165 ;56    ;4                ;['Manu']               ;111           ;SpongeBob          ;29                 ;3           ;342       ;-10             ;794            ;-10                ;578  ;720      ;739
166 ;56    ;4                ;['Manu']               ;112           ;SpongeBob          ;29                 ;3           ;342       ;-10             ;794            ;-10                ;574  ;720      ;739
167 ;56    ;4                ;['Manu']               ;113           ;SpongeBob          ;29                 ;3           ;342       ;-10             ;794            ;-10                ;570  ;720      ;739
168 ;56    ;4                ;['Manu']               ;114           ;SpongeBob          ;29                 ;3           ;342       ;-10             ;794            ;-10                ;566  ;720      ;739
169 ;56    ;4                ;['Manu']               ;115           ;SpongeBob          ;29                 ;3           ;342       ;-10             ;794            ;-10                ;562  ;720      ;739
170 ;56    ;4                ;['Manu']               ;116           ;SpongeBob          ;29                 ;3           ;342       ;-10             ;794            ;-10                ;558  ;720      ;739
171 ;56    ;4                ;['Manu']               ;117           ;SpongeBob          ;29                 ;3           ;342       ;-10             ;794            ;-10                ;554  ;720      ;739
172 ;56    ;4                ;['Manu']               ;118           ;SpongeBob          ;29                 ;3           ;342       ;-10             ;794            ;-10                ;550  ;720      ;739
173 ;56    ;4                ;['Manu']               ;119           ;SpongeBob          ;29                 ;3           ;342       ;-10             ;794            ;-10                ;546  ;720      ;739
174 ;56    ;4                ;['Manu']               ;120           ;SpongeBob          ;29                 ;3           ;342       ;-10             ;794            ;-10                ;542  ;720      ;739
175 ;56    ;4                ;['Manu']               ;121           ;SpongeBob          ;29                 ;3           ;342       ;-10             ;794            ;-10                ;538  ;720      ;739
176 ;56    ;4                ;['Manu']               ;122           ;SpongeBob          ;29                 ;3           ;342       ;-10             ;794            ;-10                ;534  ;720      ;739
177 ;56    ;4                ;['Manu']               ;123           ;SpongeBob          ;29                 ;3           ;342       ;-10             ;794            ;-10                ;530  ;720      ;739
178 ;56    ;4                ;['Manu']               ;124           ;SpongeBob          ;29                 ;3           ;342       ;-10             ;794            ;-10                ;526  ;720      ;739
179 ;56    ;4                ;['Manu']               ;125           ;SpongeBob          ;29                 ;3           ;342       ;-10             ;794            ;-10                ;522  ;720      ;739
180 ;56    ;4                ;['Manu']               ;126           ;SpongeBob          ;29                 ;3           ;342       ;-10             ;794            ;-10                ;518  ;720      ;739
181 ;56    ;4                ;['Manu']               ;127           ;SpongeBob          ;29                 ;3           ;342       ;-10             ;794            ;-10                ;514  ;720      ;739
182 ;56    ;4                ;['Manu']               ;128           ;SpongeBob          ;29                 ;3           ;342       ;-10             ;794            ;-10                ;510  ;720      ;739
183 ;56    ;4                ;['Manu']               ;129           ;SpongeBob          ;29                 ;3           ;342       ;-10             ;794            ;-10                ;506  ;720      ;739
184 ;56    ;4                ;['Manu']               ;130           ;SpongeBob          ;29                 ;3           ;342       ;-10             ;794            ;-10                ;502  ;720      ;739
185 ;56    ;4                ;['Manu']               ;131           ;SpongeBob          ;29                 ;3           ;342       ;-10             ;794            ;-10                ;498  ;720      ;739
186 ;56    ;4                ;['Manu']               ;132           ;SpongeBob          ;29                 ;3           ;342       ;-10             ;794            ;-10                ;494  ;720      ;739
187 ;56    ;4                ;['Manu']               ;133           ;SpongeBob          ;29                 ;3           ;342       ;-10             ;794            ;-10                ;490  ;720      ;739
188 ;56    ;4                ;['Manu']               ;134           ;SpongeBob          ;29                 ;3           ;342       ;-10             ;794            ;-10                ;486  ;720      ;739
189 ;56    ;4                ;['Manu']               ;135           ;SpongeBob          ;29                 ;3           ;342       ;-10             ;794            ;-10                ;482  ;720      ;739
190 ;56    ;4                ;['Manu']               ;136           ;SpongeBob          ;29                 ;3           ;342       ;-10             ;794            ;-10                ;478  ;720      ;739
191 ;56    ;4                ;['Manu']               ;137           ;SpongeBob          ;29                 ;3           ;342       ;-10             ;794            ;-10                ;474  ;720      ;739
192 ;56    ;4                ;['Manu']               ;138           ;SpongeBob          ;29                 ;3           ;342       ;-10             ;794            ;-10                ;470  ;720      ;739
193 ;56    ;4                ;['Manu']               ;139           ;SpongeBob          ;29                 ;3           ;342       ;-10             ;794            ;-10                ;466  ;720      ;739
194 ;56    ;4                ;['Manu']               ;140           ;SpongeBob          ;29                 ;3           ;342       ;-10             ;794            ;-10                ;462  ;720      ;739
195 ;56    ;4                ;['Manu']               ;141           ;SpongeBob          ;29                 ;3           ;342       ;-10             ;794            ;-10                ;458  ;720      ;739
196 ;56    ;4                ;['Manu']               ;142           ;SpongeBob          ;29                 ;3           ;342       ;-10             ;794            ;-10                ;454  ;720      ;739
197 ;56    ;4                ;['Manu']               ;143           ;SpongeBob          ;29                 ;3           ;342       ;-10             ;794            ;-10                ;450  ;720      ;739
198 ;56    ;4                ;['Manu']               ;144           ;SpongeBob          ;29                 ;3           ;342       ;-10             ;794            ;-10                ;446  ;720      ;739
199 ;56    ;4                ;['Manu']               ;145           ;SpongeBob          ;29                 ;3           ;342       ;-10             ;794            ;-10                ;442  ;720      ;739
200 ;56    ;4                ;['Manu']               ;146           ;SpongeBob          ;29                 ;3           ;342       ;-10             ;794            ;-10                ;438  ;720      ;739
201 ;56    ;4                ;['Manu']               ;147           ;SpongeBob          ;29                 ;3           ;342       ;-10             ;794            ;-10                ;434  ;720      ;739
202 ;56    ;4                ;['Manu']               ;148           ;SpongeBob          ;29                 ;3           ;342       ;-10             ;794            ;-10                ;430  ;720      ;739
203 ;56    ;4                ;['Manu']               ;149           ;SpongeBob          ;29                 ;3           ;342       ;-10             ;794            ;-10                ;426  ;720      ;739
204 ;56    ;4                ;['Manu']               ;150           ;SpongeBob          ;29                 ;3           ;342       ;-10             ;794            ;-10                ;422  ;720      ;739
205 ;56    ;4                ;['Manu']               ;151           ;SpongeBob          ;29                 ;3           ;342       ;-10             ;794            ;-10                ;418  ;720      ;739
206 ;56    ;4                ;['Manu']               ;152           ;SpongeBob          ;29                 ;3           ;342       ;-10             ;794            ;-10                ;414  ;720      ;739
207 ;56    ;4                ;['Manu']               ;153           ;SpongeBob          ;29                 ;3           ;342       ;-10             ;794            ;-10                ;410  ;720      ;739
208 ;56    ;4                ;['Manu']               ;154           ;SpongeBob          ;29                 ;3           ;342       ;-10             ;794            ;-10                ;406  ;720      ;739
209 ;56    ;4                ;['Manu']               ;155           ;SpongeBob          ;29                 ;3           ;342       ;-10             ;794            ;-10                ;402  ;720      ;739
210 ;56    ;4                ;['Manu']               ;156           ;SpongeBob          ;29                 ;3           ;342       ;-10             ;794            ;-10                ;398  ;720      ;739
211 ;56    ;4                ;['Manu']               ;157           ;SpongeBob          ;29                 ;3           ;342       ;-10             ;794            ;-10                ;394  ;720      ;739
212 ;56    ;4                ;['Manu']               ;158           ;SpongeBob          ;29                 ;3           ;342       ;-10             ;794            ;-10                ;390  ;720      ;739
213 ;56    ;4                ;['Manu']               ;159           ;SpongeBob          ;29                 ;3           ;342       ;-10             ;794            ;-10                ;386  ;720      ;739
214 ;56    ;4                ;['Manu']               ;160           ;SpongeBob          ;29                 ;3           ;342       ;-10             ;794            ;-10                ;382  ;720      ;739
215 ;56    ;4                ;['Manu']               ;161           ;SpongeBob          ;29                 ;3           ;342       ;-10             ;794            ;-10                ;378  ;720      ;739
216 ;56    ;4                ;['Manu']               ;162           ;SpongeBob          ;29                 ;3           ;342       ;-10             ;794            ;-10                ;374  ;720      ;739
217 ;56    ;4                ;['Manu']               ;163           ;SpongeBob          ;29                 ;3           ;342       ;-10             ;794            ;-10                ;370  ;720      ;739
218 ;56    ;4                ;['Manu']               ;164           ;SpongeBob          ;29                 ;3           ;342       ;-10             ;794            ;-10                ;366  ;720      ;739
219 ;56    ;4                ;['Manu']               ;165           ;SpongeBob          ;29                 ;3           ;342       ;-10             ;794            ;-10                ;362  ;720      ;739
220 ;56    ;4                ;['Manu']               ;166           ;SpongeBob          ;29                 ;3           ;342       ;-10             ;794            ;-10                ;358  ;720      ;739
221 ;56    ;4                ;['Manu']               ;167           ;SpongeBob          ;29                 ;3           ;342       ;-10             ;794            ;-10                ;354  ;720      ;739
222 ;56    ;4                ;['Manu']               ;168           ;SpongeBob          ;29                 ;3           ;342       ;-10             ;794            ;-10                ;350  ;720      ;739
223 ;56    ;4                ;['Manu']               ;169           ;SpongeBob          ;29                 ;3           ;342       ;-10             ;794            ;-10                ;346  ;720      ;739
224 ;56    ;4                ;['Manu']               ;170           ;SpongeBob          ;29                 ;3           ;342       ;-10             ;794            ;-10                ;342  ;720      ;739
225 ;56    ;4                ;['Manu']               ;171           ;SpongeBob          ;29                 ;3           ;342       ;-10             ;794            ;-10                ;338  ;720      ;739
226 ;56    ;4                ;['Manu']               ;172           ;SpongeBob          ;29                 ;3           ;342       ;-10             ;794            ;-10                ;334  ;720      ;739
227 ;56    ;4                ;['Manu']               ;173           ;SpongeBob          ;29                 ;3           ;342       ;-10             ;794            ;-10                ;330  ;720      ;739
228 ;56    ;4                ;['Manu']               ;174           ;SpongeBob          ;29                 ;3           ;342       ;-10             ;794            ;-10                ;326  ;720      ;739
229 ;56    ;4                ;['Manu']               ;175           ;SpongeBob          ;29                 ;3           ;342       ;-10             ;794            ;-10                ;322  ;720      ;739
230 ;56    ;4                ;['Manu']               ;176           ;SpongeBob          ;29                 ;3           ;342       ;-10             ;794            ;-10                ;318  ;720      ;739
231 ;56    ;4                ;['Manu']               ;177           ;SpongeBob          ;29                 ;3           ;342       ;-10             ;794            ;-10                ;314  ;720      ;739
232 ;56    ;4                ;['Manu']               ;178           ;SpongeBob          ;29                 ;3           ;342       ;-10             ;794            ;-10                ;310  ;720      ;739
233 ;56    ;4                ;['Manu']               ;179           ;SpongeBob          ;29                 ;3           ;342       ;-10             ;794            ;-10                ;306  ;720      ;739
234 ;56    ;4                ;['Manu']               ;180           ;SpongeBob          ;29                 ;3           ;342       ;-10             ;794            ;-10                ;302  ;720      ;739
235 ;56    ;4                ;['Manu']               ;181           ;SpongeBob          ;29                 ;3           ;342       ;-10             ;794            ;-10                ;298  ;720      ;739
236 ;56    ;4                ;['Manu']               ;182           ;SpongeBob          ;29                 ;3           ;342       ;-10             ;794            ;-10                ;294  ;720      ;739
237 ;56    ;4                ;['Manu']               ;183           ;SpongeBob          ;29                 ;3           ;342       ;-10             ;794            ;-10                ;290  ;720      ;739
238 ;56    ;4                ;['Manu']               ;184           ;SpongeBob          ;29                 ;3           ;342       ;-10             ;794            ;-10                ;286  ;720      ;739
239 ;56    ;4                ;['Manu']               ;185           ;SpongeBob          ;29                 ;3           ;342       ;-10             ;794            ;-10                ;282  ;720      ;739
240 ;56    ;4                ;['Manu']               ;186           ;SpongeBob          ;29                 ;3           ;342       ;-10             ;794            ;-10                ;278  ;720      ;739
241 ;56    ;4                ;['Manu']               ;187           ;SpongeBob          ;29                 ;3           ;342       ;-10             ;794            ;-10                ;274  ;720      ;739
242 ;56    ;4                ;['Manu']               ;188           ;SpongeBob          ;29                 ;3           ;342       ;-10             ;794            ;-10                ;270  ;720      ;739
243 ;56    ;4                ;['Manu']               ;189           ;SpongeBob          ;29                 ;3           ;342       ;-10             ;794            ;-10                ;266  ;720      ;739
244 ;56    ;4                ;['Manu']               ;190           ;SpongeBob          ;29                 ;3           ;342       ;-10             ;794            ;-10                ;262  ;720      ;739
245 ;56    ;4                ;['Manu']               ;191           ;SpongeBob          ;29                 ;3           ;342       ;-10             ;794            ;-10                ;258  ;720      ;739
246 ;56    ;4                ;['Manu']               ;192           ;SpongeBob          ;29                 ;3           ;342       ;-10             ;794            ;-10                ;254  ;720      ;739
247 ;56    ;4                ;['Manu']               ;193           ;SpongeBob          ;29                 ;3           ;342       ;-10             ;794            ;-10                ;250  ;720      ;739
248 ;56    ;4                ;['Manu']               ;194           ;SpongeBob          ;29                 ;3           ;342       ;-10             ;794            ;-10                ;246  ;720      ;739
249 ;56    ;4                ;['Manu']               ;195           ;SpongeBob          ;29                 ;3           ;342       ;-10             ;794            ;-10                ;242  ;720      ;739
250 ;56    ;4                ;['Manu']               ;196           ;SpongeBob          ;29                 ;3           ;342       ;-10             ;794            ;-10                ;238  ;720      ;739
251 ;56    ;4                ;['Manu']               ;197           ;SpongeBob          ;29                 ;3           ;342       ;-10             ;794            ;-10                ;234  ;720      ;739
252 ;56    ;4                ;['Manu']               ;198           ;SpongeBob          ;29                 ;3           ;342       ;-10             ;794            ;-10                ;230  ;720      ;739
253 ;56    ;4                ;['Manu']               ;199           ;SpongeBob          ;29                 ;3           ;342       ;-10             ;794            ;-10                ;226  ;720      ;739
254 ;56    ;4                ;['Manu']               ;200           ;SpongeBob          ;29                 ;3           ;342       ;-10             ;794            ;-10                ;222  ;720      ;739
255 ;56    ;4                ;['Manu']               ;201           ;SpongeBob          ;29                 ;3           ;342       ;-10             ;794            ;-10                ;218  ;720      ;739
256 ;56    ;4                ;['Manu']               ;202           ;SpongeBob          ;29                 ;3           ;342       ;-10             ;794            ;-10                ;214  ;720      ;739
257 ;56    ;4                ;['Manu']               ;203           ;SpongeBob          ;29                 ;3           ;342       ;-10             ;794            ;-10                ;210  ;720      ;739
258 ;56    ;4                ;['Manu']               ;204           ;SpongeBob          ;29                 ;3           ;342       ;-10             ;794            ;-10                ;206  ;720      ;739
259 ;56    ;4                ;['Manu']               ;205           ;SpongeBob          ;29                 ;3           ;342       ;-10             ;794            ;-10                ;202  ;720      ;739
260 ;56    ;4                ;['Manu']               ;206           ;SpongeBob          ;29                 ;3           ;342       ;-10             ;794            ;-10                ;198  ;720      ;739
261 ;56    ;4                ;['Manu']               ;207           ;SpongeBob          ;29                 ;3           ;342       ;-10             ;794            ;-10                ;194  ;720      ;739
262 ;56    ;4                ;['Manu']               ;208           ;SpongeBob          ;29                 ;3           ;342       ;-10             ;794            ;-10                ;190  ;720      ;739
263 ;56    ;4                ;['Manu']               ;209           ;SpongeBob          ;29                 ;3           ;342       ;-10             ;794            ;-10                ;186  ;720      ;739
264 ;56    ;4                ;['Manu']               ;210           ;SpongeBob          ;29                 ;3           ;342       ;-10             ;794            ;-10                ;182  ;720      ;739
265 ;56    ;4                ;['Manu']               ;211           ;SpongeBob          ;29                 ;3           ;342       ;-10             ;794            ;-10                ;178  ;720      ;739
266 ;56    ;4                ;['Manu']               ;212           ;SpongeBob          ;29                 ;3           ;342       ;-10             ;794            ;-10                ;174  ;720      ;739
267 ;56    ;4                ;['Manu']               ;213           ;SpongeBob          ;29                 ;3           ;342       ;-10             ;794            ;-10                ;170  ;720      ;739
268 ;56    ;4                ;['Manu']               ;214           ;SpongeBob          ;29                 ;3           ;342       ;-10             ;794            ;-10                ;166  ;720      ;739
269 ;56    ;4                ;['Manu']               ;215           ;SpongeBob          ;29                 ;3           ;342       ;-10             ;794            ;-10                ;162  ;720      ;739
270 ;56    ;4                ;['Manu']               ;216           ;SpongeBob          ;29                 ;3           ;342       ;-10             ;794            ;-10                ;158  ;720      ;739
271 ;56    ;4                ;['Manu']               ;217           ;SpongeBob          ;29                 ;3           ;342       ;-10             ;794            ;-10                ;154  ;720      ;739
272 ;56    ;4                ;['Manu']               ;218           ;SpongeBob          ;29                 ;3           ;342       ;-10             ;794            ;-10                ;150  ;720      ;739
273 ;56    ;4                ;['Manu']               ;219           ;SpongeBob          ;29                 ;3           ;342       ;-10             ;794            ;-10                ;146  ;720      ;739
274 ;56    ;4                ;['Manu']               ;220           ;SpongeBob          ;29                 ;3           ;342       ;-10             ;794            ;-10                ;142  ;720      ;739
275 ;56    ;4                ;['Manu']               ;221           ;SpongeBob          ;29                 ;3           ;342       ;-10             ;794            ;-10                ;138  ;720      ;739
276 ;56    ;4                ;['Manu']               ;222           ;SpongeBob          ;29                 ;3           ;342       ;-10             ;794            ;-10                ;134  ;720      ;739
277 ;56    ;4                ;['Manu']               ;223           ;SpongeBob          ;29                 ;3           ;342       ;-10             ;794            ;-10                ;130  ;720      ;739
278 ;56    ;4                ;['Manu']               ;224           ;SpongeBob          ;29                 ;3           ;342       ;-10             ;794            ;-10                ;126  ;720      ;739
279 ;56    ;4                ;['Manu']               ;225           ;SpongeBob          ;29                 ;3           ;342       ;-10             ;794            ;-10                ;122  ;720      ;739
280 ;56    ;4                ;['Manu']               ;226           ;SpongeBob          ;29                 ;3           ;342       ;-10             ;794            ;-10                ;118  ;720      ;739
281 ;56    ;4                ;['Manu']               ;227           ;SpongeBob          ;29                 ;3           ;342       ;-10             ;794            ;-10                ;114  ;720      ;739
282 ;56    ;4                ;['Manu']               ;228           ;SpongeBob          ;29                 ;3           ;342       ;-10             ;794            ;-10                ;110  ;720      ;739
283 ;56    ;4                ;['Manu']               ;229           ;SpongeBob          ;29                 ;3           ;342       ;-10             ;794            ;-10                ;106  ;720      ;739
284 ;56    ;4                ;['Manu']               ;230           ;SpongeBob          ;29                 ;3           ;342       ;-10             ;794            ;-10                ;102  ;720      ;739
285 ;56    ;4                ;['Manu']               ;231           ;SpongeBob          ;29                 ;3           ;342       ;-10             ;794            ;-10                ;98   ;720      ;739
286 ;56    ;4                ;['Manu']               ;232           ;SpongeBob          ;29                 ;3           ;342       ;-10             ;794            ;-10                ;94   ;720      ;739
287 ;56    ;4                ;['Manu']               ;233           ;SpongeBob          ;29                 ;3           ;342       ;-10             ;794            ;-10                ;90   ;720      ;739
288 ;56    ;4                ;['Manu']               ;234           ;SpongeBob          ;29                 ;3           ;342       ;-10             ;794            ;-10                ;86   ;720      ;739
289 ;56    ;4                ;['Manu']               ;235           ;SpongeBob          ;29                 ;3           ;342       ;-10             ;794            ;-10                ;82   ;720      ;739
290 ;56    ;4                ;['Manu']               ;236           ;SpongeBob          ;29                 ;3           ;342       ;-10             ;794            ;-10                ;78   ;720      ;739
291 ;56    ;4                ;['Manu']               ;237           ;SpongeBob          ;29                 ;3           ;342       ;-10             ;794            ;-10                ;74   ;720      ;739
292 ;56    ;4                ;['Manu']               ;238           ;SpongeBob          ;29                 ;3           ;342       ;-10             ;794            ;-10                ;70   ;720      ;739
293 ;56    ;4                ;['Manu']               ;239           ;SpongeBob          ;29                 ;3           ;342       ;-10             ;794            ;-10                ;66   ;720      ;739
294 ;56    ;4                ;['Manu']               ;240           ;SpongeBob          ;29                 ;3           ;342       ;-10             ;794            ;-10                ;62   ;720      ;739
295 ;56    ;4                ;['Manu']               ;241           ;SpongeBob          ;29                 ;3           ;342       ;-10             ;794            ;-10                ;58   ;720      ;739
296 ;56    ;4                ;['Manu']               ;242           ;SpongeBob          ;29                 ;3           ;342       ;-10             ;794            ;-10                ;54   ;720      ;739
297 ;56    ;4                ;['Manu']               ;243           ;SpongeBob          ;29                 ;3           ;342       ;-10             ;794            ;-10                ;50   ;720      ;739
298 ;56    ;4                ;['Manu']               ;244           ;SpongeBob          ;29                 ;3           ;342       ;-10             ;794            ;-10                ;46   ;720      ;739
299 ;56    ;4                ;['Manu']               ;245           ;SpongeBob          ;29                 ;3           ;342       ;-10             ;794            ;-10                ;42   ;720      ;739
300 ;56    ;4                ;['Manu']               ;246           ;SpongeBob          ;29                 ;3           ;342       ;-10             ;794            ;-10                ;38   ;720      ;739
301 ;56    ;4                ;['Manu']               ;247           ;SpongeBob          ;29                 ;3           ;342       ;-10             ;794            ;-10                ;34   ;720      ;739
302 ;56    ;4                ;['Manu']               ;248           ;SpongeBob          ;29                 ;3           ;342       ;-10             ;794            ;-10                ;30   ;720      ;739
303 ;56    ;4                ;['Manu']               ;249           ;SpongeBob          ;29                 ;3           ;342       ;-10             ;794            ;-10                ;26   ;720      ;739
304 ;56    ;4                ;['Manu']               ;250           ;SpongeBob          ;29                 ;3           ;342       ;-10             ;794            ;-10                ;22   ;720      ;739
305 ;56    ;4                ;['Manu']               ;251           ;SpongeBob          ;29                 ;3           ;342       ;-10             ;794            ;-10                ;18   ;720      ;739
306 ;56    ;4                ;['Manu']               ;252           ;SpongeBob          ;29                 ;3           ;342       ;-10             ;794            ;-10                ;14   ;720      ;739
307 ;56    ;4                ;['Manu']               ;253           ;SpongeBob          ;29                 ;3           ;342       ;-10             ;794            ;-10                ;10   ;720      ;739
308 ;56    ;4                ;['Manu']               ;254           ;SpongeBob          ;29                 ;3           ;342       ;-10             ;794            ;-10                ;6    ;720      ;739
309 ;56    ;4                ;['Manu']               ;255           ;SpongeBob          ;29                 ;3           ;342       ;-10             ;794            ;-10                ;2    ;720      ;739
